"anon.id","experiment","coherence","exposures","passed.catch.trials"
"s0001","1b","nonce.connective",126,TRUE
"s0002","2","rime",126,TRUE
"s0003","old.vs.new","0/3",196,TRUE
"s0004","2","rime",392,TRUE
"s0005","1b","nonce.connective",56,TRUE
"s0006","2","rime",56,TRUE
"s0007","1b","nonce.connective",392,TRUE
"s0008","1a","2/3",196,TRUE
"s0009","2","rime",196,TRUE
"s0010","1a","0/3",196,TRUE
"s0011","1a","2/3",196,TRUE
"s0012","3","semantic.baseline",196,TRUE
"s0013","2","rime",126,TRUE
"s0014","1a","3/3",56,TRUE
"s0015","1a","0/3",196,TRUE
"s0016","1b","nonce.connective",126,TRUE
"s0017","1a","2/3",196,TRUE
"s0018","1a","1/3",56,TRUE
"s0019","1b","nonce.connective",56,TRUE
"s0020","2","rime",392,TRUE
"s0021","1a","3/3",56,TRUE
"s0022","1a","1/3",392,TRUE
"s0023","2","rime",196,TRUE
"s0024","1a","0/3",126,TRUE
"s0025","3","semantic.baseline",126,TRUE
"s0026","2","syllables",392,TRUE
"s0027","1a","1/3",56,FALSE
"s0028","1a","2/3",126,TRUE
"s0029","1b","nonce.connective",196,TRUE
"s0030","1a","1/3",56,FALSE
"s0031","2","syllables",126,TRUE
"s0032","1a","0/3",392,TRUE
"s0033","1b","nonce.connective",126,TRUE
"s0034","3","semantic.baseline",392,FALSE
"s0035","1b","nonce.connective",126,TRUE
"s0036","1b","nonce.connective",392,TRUE
"s0037","2","syllables",126,TRUE
"s0038","2","onset",196,TRUE
"s0039","2","syllables",126,FALSE
"s0040","2","onset",392,TRUE
"s0041","1b","nonce.connective",392,TRUE
"s0042","1b","nonce.connective",196,TRUE
"s0043","2","rime",392,FALSE
"s0044","1a","3/3",56,TRUE
"s0045","1a","0/3",196,TRUE
"s0046","1a","0/3",392,TRUE
"s0047","old.vs.new","3/3",56,FALSE
"s0048","old.vs.new","3/3",196,FALSE
"s0049","1b","nonce.connective",392,FALSE
"s0050","2","rime",196,TRUE
"s0051","3","semantic.baseline",392,TRUE
"s0052","1b","nonce.connective",392,TRUE
"s0053","2","rime",196,TRUE
"s0054","2","rime",126,TRUE
"s0055","1a","0/3",126,TRUE
"s0056","2","rime",126,TRUE
"s0057","3","semantic.baseline",126,FALSE
"s0058","1a","0/3",392,TRUE
"s0059","2","onset",196,TRUE
"s0060","1a","3/3",392,TRUE
"s0061","old.vs.new","0/3",56,TRUE
"s0062","3","semantic.baseline",392,TRUE
"s0063","1a","2/3",56,TRUE
"s0064","1a","2/3",126,TRUE
"s0065","2","rime",56,TRUE
"s0066","3","semantic.baseline",56,TRUE
"s0067","2","rime",392,FALSE
"s0068","old.vs.new","0/3",56,TRUE
"s0069","2","rime",126,TRUE
"s0070","3","semantic.baseline",56,TRUE
"s0071","1a","3/3",392,TRUE
"s0072","2","rime",392,TRUE
"s0073","2","onset",56,TRUE
"s0074","1a","3/3",392,TRUE
"s0075","1a","2/3",196,TRUE
"s0076","1a","1/3",392,TRUE
"s0077","1a","3/3",392,TRUE
"s0078","old.vs.new","3/3",56,TRUE
"s0079","1a","3/3",196,TRUE
"s0080","1a","1/3",56,TRUE
"s0081","old.vs.new","3/3",196,TRUE
"s0082","3","semantic.baseline",56,TRUE
"s0083","2","rime",56,TRUE
"s0084","old.vs.new","3/3",196,TRUE
"s0085","1a","1/3",126,TRUE
"s0086","1a","0/3",56,TRUE
"s0087","2","rime",56,TRUE
"s0088","1a","3/3",196,TRUE
"s0089","1a","3/3",392,TRUE
"s0090","old.vs.new","3/3",56,TRUE
"s0091","1a","3/3",126,TRUE
"s0092","2","rime",392,TRUE
"s0093","1a","1/3",392,TRUE
"s0094","2","syllables",56,TRUE
"s0095","3","semantic.baseline",56,TRUE
"s0096","1a","3/3",196,TRUE
"s0097","1b","nonce.connective",56,TRUE
"s0098","1a","2/3",56,TRUE
"s0099","1a","1/3",126,TRUE
"s0100","1a","3/3",196,TRUE
"s0101","1a","1/3",56,TRUE
"s0102","2","rime",126,TRUE
"s0103","2","syllables",56,TRUE
"s0104","2","syllables",56,TRUE
"s0105","2","syllables",392,TRUE
"s0106","old.vs.new","0/3",56,TRUE
"s0107","1a","0/3",196,TRUE
"s0108","2","rime",126,TRUE
"s0109","1a","3/3",126,TRUE
"s0110","1a","1/3",196,TRUE
"s0111","1a","0/3",196,TRUE
"s0112","1a","0/3",196,TRUE
"s0113","1a","3/3",126,TRUE
"s0114","2","onset",196,TRUE
"s0115","old.vs.new","0/3",196,TRUE
"s0116","1a","1/3",196,TRUE
"s0117","1a","0/3",196,TRUE
"s0118","2","rime",196,FALSE
"s0119","2","onset",126,TRUE
"s0120","2","rime",392,TRUE
"s0121","2","onset",126,TRUE
"s0122","1a","1/3",392,TRUE
"s0123","old.vs.new","3/3",196,TRUE
"s0124","3","semantic.baseline",392,TRUE
"s0125","1a","0/3",392,TRUE
"s0126","1a","3/3",196,TRUE
"s0127","1a","0/3",196,TRUE
"s0128","1b","nonce.connective",126,TRUE
"s0129","old.vs.new","0/3",56,TRUE
"s0130","1a","2/3",392,TRUE
"s0131","3","semantic.baseline",392,FALSE
"s0132","old.vs.new","3/3",196,TRUE
"s0133","old.vs.new","0/3",56,TRUE
"s0134","2","onset",126,TRUE
"s0135","1a","2/3",196,TRUE
"s0136","1a","0/3",126,TRUE
"s0137","1a","3/3",56,TRUE
"s0138","1b","nonce.connective",196,TRUE
"s0139","1a","0/3",392,TRUE
"s0140","1a","2/3",126,TRUE
"s0141","1b","nonce.connective",56,TRUE
"s0142","2","rime",196,TRUE
"s0143","1a","2/3",392,TRUE
"s0144","2","rime",196,TRUE
"s0145","old.vs.new","0/3",196,TRUE
"s0146","2","syllables",56,TRUE
"s0147","1a","0/3",392,TRUE
"s0148","1a","0/3",392,TRUE
"s0149","1a","1/3",196,FALSE
"s0150","2","rime",56,TRUE
"s0151","3","semantic.baseline",392,FALSE
"s0152","1b","nonce.connective",196,TRUE
"s0153","1a","1/3",56,TRUE
"s0154","1a","1/3",126,TRUE
"s0155","1a","1/3",196,TRUE
"s0156","old.vs.new","3/3",196,TRUE
"s0157","old.vs.new","3/3",56,TRUE
"s0158","2","syllables",126,TRUE
"s0159","2","onset",126,TRUE
"s0160","1a","1/3",56,TRUE
"s0161","2","onset",56,TRUE
"s0162","1b","nonce.connective",56,FALSE
"s0163","1b","nonce.connective",392,FALSE
"s0164","2","syllables",126,TRUE
"s0165","1a","3/3",196,TRUE
"s0166","1a","1/3",196,TRUE
"s0167","1a","1/3",392,TRUE
"s0168","2","syllables",196,TRUE
"s0169","old.vs.new","0/3",196,TRUE
"s0170","2","rime",126,TRUE
"s0171","1a","0/3",126,TRUE
"s0172","2","onset",56,TRUE
"s0173","2","onset",196,TRUE
"s0174","1a","2/3",392,TRUE
"s0175","1a","0/3",392,TRUE
"s0176","1a","2/3",56,TRUE
"s0177","2","onset",392,TRUE
"s0178","2","onset",196,TRUE
"s0179","2","syllables",392,TRUE
"s0180","2","onset",392,TRUE
"s0181","1a","0/3",392,TRUE
"s0182","1a","0/3",392,TRUE
"s0183","1b","nonce.connective",126,FALSE
"s0184","1a","2/3",392,TRUE
"s0185","2","rime",56,TRUE
"s0186","2","onset",196,TRUE
"s0187","2","rime",196,TRUE
"s0188","2","rime",126,TRUE
"s0189","3","semantic.baseline",56,TRUE
"s0190","1a","0/3",56,FALSE
"s0191","2","rime",392,TRUE
"s0192","1a","1/3",196,TRUE
"s0193","1a","1/3",392,TRUE
"s0194","1a","0/3",196,TRUE
"s0195","2","onset",392,TRUE
"s0196","2","rime",196,TRUE
"s0197","1a","0/3",392,TRUE
"s0198","1a","0/3",392,TRUE
"s0199","3","semantic.baseline",392,FALSE
"s0200","3","semantic.baseline",392,TRUE
"s0201","2","syllables",392,TRUE
"s0202","3","semantic.baseline",196,TRUE
"s0203","2","onset",56,TRUE
"s0204","3","semantic.baseline",392,TRUE
"s0205","1a","2/3",56,TRUE
"s0206","1a","3/3",392,TRUE
"s0207","1a","1/3",56,TRUE
"s0208","2","rime",196,TRUE
"s0209","1b","nonce.connective",56,TRUE
"s0210","3","semantic.baseline",56,TRUE
"s0211","1a","3/3",126,TRUE
"s0212","old.vs.new","3/3",56,FALSE
"s0213","1a","3/3",392,TRUE
"s0214","2","onset",56,TRUE
"s0215","2","syllables",196,TRUE
"s0216","1a","0/3",126,FALSE
"s0217","1a","0/3",126,TRUE
"s0218","1a","0/3",196,FALSE
"s0219","3","semantic.baseline",126,TRUE
"s0220","1a","1/3",196,TRUE
"s0221","2","syllables",126,TRUE
"s0222","2","syllables",196,TRUE
"s0223","2","syllables",196,TRUE
"s0224","1a","2/3",56,TRUE
"s0225","1a","3/3",56,TRUE
"s0226","1a","3/3",56,TRUE
"s0227","2","syllables",126,TRUE
"s0228","old.vs.new","3/3",196,TRUE
"s0229","1a","3/3",126,TRUE
"s0230","2","syllables",56,TRUE
"s0231","1a","1/3",196,TRUE
"s0232","1b","nonce.connective",392,TRUE
"s0233","old.vs.new","0/3",196,TRUE
"s0234","1a","2/3",392,TRUE
"s0235","3","semantic.baseline",126,TRUE
"s0236","1a","3/3",56,TRUE
"s0237","1a","1/3",196,TRUE
"s0238","1a","2/3",196,FALSE
"s0239","1a","3/3",126,TRUE
"s0240","2","syllables",196,TRUE
"s0241","2","syllables",126,TRUE
"s0242","old.vs.new","0/3",56,TRUE
"s0243","1a","0/3",56,TRUE
"s0244","2","onset",196,TRUE
"s0245","1a","1/3",196,TRUE
"s0246","1a","3/3",126,FALSE
"s0247","1a","2/3",196,TRUE
"s0248","1a","3/3",56,TRUE
"s0249","1a","0/3",196,TRUE
"s0250","1a","1/3",392,TRUE
"s0251","1a","2/3",196,FALSE
"s0252","2","syllables",392,TRUE
"s0253","2","onset",392,TRUE
"s0254","1a","1/3",126,TRUE
"s0255","old.vs.new","3/3",56,TRUE
"s0256","3","semantic.baseline",126,TRUE
"s0257","2","onset",392,TRUE
"s0258","1b","nonce.connective",56,TRUE
"s0259","2","syllables",56,TRUE
"s0260","old.vs.new","0/3",56,TRUE
"s0261","2","syllables",196,TRUE
"s0262","1a","3/3",126,TRUE
"s0263","2","rime",126,TRUE
"s0264","1a","1/3",392,TRUE
"s0265","old.vs.new","3/3",56,TRUE
"s0266","2","rime",126,TRUE
"s0267","old.vs.new","3/3",196,TRUE
"s0268","1a","1/3",56,FALSE
"s0269","2","rime",56,TRUE
"s0270","1a","1/3",392,TRUE
"s0271","2","syllables",56,TRUE
"s0272","old.vs.new","3/3",196,TRUE
"s0273","1a","1/3",56,TRUE
"s0274","3","semantic.baseline",196,TRUE
"s0275","1a","3/3",196,TRUE
"s0276","2","onset",126,TRUE
"s0277","old.vs.new","3/3",56,TRUE
"s0278","1b","nonce.connective",56,TRUE
"s0279","1a","0/3",56,TRUE
"s0280","1a","2/3",196,TRUE
"s0281","2","onset",392,TRUE
"s0282","old.vs.new","0/3",196,TRUE
"s0283","3","semantic.baseline",56,TRUE
"s0284","old.vs.new","0/3",56,TRUE
"s0285","1a","3/3",392,TRUE
"s0286","2","syllables",392,TRUE
"s0287","2","rime",126,TRUE
"s0288","2","rime",56,TRUE
"s0289","1a","0/3",392,TRUE
"s0290","2","rime",126,TRUE
"s0291","3","semantic.baseline",126,TRUE
"s0292","2","rime",126,TRUE
"s0293","1a","1/3",126,TRUE
"s0294","1a","2/3",126,FALSE
"s0295","2","rime",196,TRUE
"s0296","3","semantic.baseline",196,FALSE
"s0297","1a","3/3",196,TRUE
"s0298","1b","nonce.connective",196,TRUE
"s0299","1b","nonce.connective",56,TRUE
"s0300","1a","1/3",392,TRUE
"s0301","2","rime",196,TRUE
"s0302","1b","nonce.connective",196,TRUE
"s0303","old.vs.new","3/3",196,FALSE
"s0304","1a","1/3",126,TRUE
"s0305","1a","0/3",392,TRUE
"s0306","1a","0/3",126,TRUE
"s0307","1a","0/3",126,TRUE
"s0308","3","semantic.baseline",56,TRUE
"s0309","1a","3/3",196,TRUE
"s0310","old.vs.new","0/3",56,TRUE
"s0311","2","rime",392,TRUE
"s0312","1a","0/3",196,TRUE
"s0313","2","onset",126,TRUE
"s0314","1a","2/3",392,TRUE
"s0315","1a","0/3",56,TRUE
"s0316","1a","2/3",196,TRUE
"s0317","1a","0/3",126,TRUE
"s0318","1a","3/3",196,TRUE
"s0319","1b","nonce.connective",56,TRUE
"s0320","1a","3/3",56,TRUE
"s0321","1a","3/3",56,TRUE
"s0322","1a","1/3",126,TRUE
"s0323","2","onset",56,TRUE
"s0324","1a","3/3",196,TRUE
"s0325","1a","2/3",56,TRUE
"s0326","1a","1/3",196,TRUE
"s0327","2","syllables",392,TRUE
"s0328","1a","3/3",392,TRUE
"s0329","1b","nonce.connective",56,TRUE
"s0330","2","onset",196,TRUE
"s0331","old.vs.new","0/3",196,TRUE
"s0332","2","rime",126,TRUE
"s0333","2","onset",196,TRUE
"s0334","1a","0/3",392,TRUE
"s0335","2","rime",392,TRUE
"s0336","2","syllables",56,TRUE
"s0337","1a","2/3",56,FALSE
"s0338","2","onset",56,TRUE
"s0339","2","rime",56,TRUE
"s0340","2","onset",126,TRUE
"s0341","2","syllables",126,TRUE
"s0342","1a","1/3",56,TRUE
"s0343","1a","2/3",196,TRUE
"s0344","2","syllables",126,TRUE
"s0345","2","onset",126,TRUE
"s0346","1a","1/3",392,TRUE
"s0347","1a","2/3",56,TRUE
"s0348","2","rime",56,TRUE
"s0349","1b","nonce.connective",126,TRUE
"s0350","2","syllables",392,TRUE
"s0351","2","rime",56,TRUE
"s0352","2","rime",56,TRUE
"s0353","2","syllables",56,TRUE
"s0354","1b","nonce.connective",392,TRUE
"s0355","1a","2/3",392,TRUE
"s0356","2","onset",126,TRUE
"s0357","1a","3/3",126,TRUE
"s0358","1a","1/3",56,FALSE
"s0359","2","syllables",196,TRUE
"s0360","old.vs.new","3/3",196,TRUE
"s0361","1a","2/3",56,FALSE
"s0362","1b","nonce.connective",392,TRUE
"s0363","1a","0/3",56,FALSE
"s0364","2","rime",196,TRUE
"s0365","1a","2/3",196,TRUE
"s0366","1b","nonce.connective",126,TRUE
"s0367","3","semantic.baseline",126,TRUE
"s0368","3","semantic.baseline",392,TRUE
"s0369","1a","1/3",196,TRUE
"s0370","2","onset",392,TRUE
"s0371","2","onset",196,TRUE
"s0372","1a","1/3",56,TRUE
"s0373","3","semantic.baseline",196,TRUE
"s0374","3","semantic.baseline",392,TRUE
"s0375","2","onset",56,TRUE
"s0376","2","syllables",126,TRUE
"s0377","1a","2/3",196,TRUE
"s0378","1a","0/3",196,TRUE
"s0379","1a","0/3",392,TRUE
"s0380","1a","1/3",56,TRUE
"s0381","1a","2/3",126,TRUE
"s0382","2","syllables",56,TRUE
"s0383","3","semantic.baseline",196,TRUE
"s0384","1a","0/3",126,TRUE
"s0385","3","semantic.baseline",56,TRUE
"s0386","old.vs.new","3/3",56,TRUE
"s0387","1b","nonce.connective",56,TRUE
"s0388","1a","3/3",392,TRUE
"s0389","1b","nonce.connective",56,FALSE
"s0390","2","onset",392,TRUE
"s0391","3","semantic.baseline",126,TRUE
"s0392","1a","1/3",56,TRUE
"s0393","3","semantic.baseline",56,TRUE
"s0394","old.vs.new","3/3",196,TRUE
"s0395","1a","1/3",196,TRUE
"s0396","1a","2/3",56,TRUE
"s0397","1a","1/3",392,TRUE
"s0398","old.vs.new","0/3",196,TRUE
"s0399","3","semantic.baseline",126,TRUE
"s0400","1a","1/3",196,TRUE
"s0401","2","rime",56,TRUE
"s0402","2","syllables",56,FALSE
"s0403","1a","0/3",126,TRUE
"s0404","old.vs.new","0/3",56,TRUE
"s0405","old.vs.new","0/3",56,TRUE
"s0406","1a","1/3",392,TRUE
"s0407","2","onset",56,TRUE
"s0408","2","syllables",56,FALSE
"s0409","1a","1/3",126,TRUE
"s0410","3","semantic.baseline",126,TRUE
"s0411","2","onset",196,TRUE
"s0412","2","rime",126,FALSE
"s0413","2","rime",126,TRUE
"s0414","1a","1/3",56,FALSE
"s0415","1a","3/3",56,TRUE
"s0416","1a","3/3",392,TRUE
"s0417","1a","2/3",196,TRUE
"s0418","1b","nonce.connective",392,TRUE
"s0419","2","onset",196,TRUE
"s0420","1a","0/3",126,TRUE
"s0421","3","semantic.baseline",56,TRUE
"s0422","1a","2/3",126,TRUE
"s0423","old.vs.new","3/3",56,TRUE
"s0424","1a","0/3",196,TRUE
"s0425","2","syllables",56,TRUE
"s0426","1a","3/3",56,TRUE
"s0427","1a","0/3",392,TRUE
"s0428","2","onset",56,TRUE
"s0429","1b","nonce.connective",56,TRUE
"s0430","1a","1/3",56,TRUE
"s0431","1a","2/3",196,TRUE
"s0432","1a","1/3",126,TRUE
"s0433","1a","3/3",126,TRUE
"s0434","3","semantic.baseline",126,TRUE
"s0435","2","syllables",126,TRUE
"s0436","1b","nonce.connective",56,TRUE
"s0437","old.vs.new","0/3",196,TRUE
"s0438","1a","2/3",56,TRUE
"s0439","2","syllables",392,TRUE
"s0440","1a","3/3",126,TRUE
"s0441","old.vs.new","0/3",56,TRUE
"s0442","1a","0/3",196,TRUE
"s0443","1a","0/3",126,TRUE
"s0444","3","semantic.baseline",56,TRUE
"s0445","2","rime",196,TRUE
"s0446","2","syllables",56,TRUE
"s0447","2","onset",392,TRUE
"s0448","1a","1/3",392,TRUE
"s0449","1a","2/3",392,TRUE
"s0450","2","onset",392,TRUE
"s0451","2","onset",196,TRUE
"s0452","1a","0/3",56,TRUE
"s0453","3","semantic.baseline",392,TRUE
"s0454","2","rime",196,FALSE
"s0455","2","rime",56,FALSE
"s0456","1a","1/3",196,TRUE
"s0457","1b","nonce.connective",126,TRUE
"s0458","2","onset",392,TRUE
"s0459","1a","1/3",56,FALSE
"s0460","2","onset",56,FALSE
"s0461","1b","nonce.connective",392,TRUE
"s0462","3","semantic.baseline",392,TRUE
"s0463","old.vs.new","0/3",56,TRUE
"s0464","1a","1/3",126,TRUE
"s0465","1a","3/3",126,TRUE
"s0466","1a","2/3",392,TRUE
"s0467","1a","1/3",196,FALSE
"s0468","2","syllables",392,FALSE
"s0469","2","onset",56,TRUE
"s0470","1a","1/3",392,TRUE
"s0471","1b","nonce.connective",56,TRUE
"s0472","2","onset",196,TRUE
"s0473","1a","2/3",196,TRUE
"s0474","2","syllables",196,TRUE
"s0475","2","onset",392,TRUE
"s0476","1a","2/3",392,TRUE
"s0477","old.vs.new","0/3",56,TRUE
"s0478","2","rime",196,FALSE
"s0479","2","syllables",196,TRUE
"s0480","1b","nonce.connective",126,TRUE
"s0481","2","onset",392,TRUE
"s0482","1a","2/3",392,TRUE
"s0483","1a","1/3",126,TRUE
"s0484","2","onset",392,TRUE
"s0485","2","syllables",56,TRUE
"s0486","3","semantic.baseline",392,TRUE
"s0487","old.vs.new","3/3",56,TRUE
"s0488","2","onset",56,TRUE
"s0489","2","onset",56,TRUE
"s0490","2","onset",196,TRUE
"s0491","2","rime",196,FALSE
"s0492","old.vs.new","3/3",196,FALSE
"s0493","1a","2/3",126,TRUE
"s0494","2","rime",392,TRUE
"s0495","old.vs.new","0/3",196,TRUE
"s0496","1a","3/3",392,TRUE
"s0497","2","rime",56,TRUE
"s0498","1b","nonce.connective",126,TRUE
"s0499","1a","3/3",196,TRUE
"s0500","2","rime",56,TRUE
"s0501","2","onset",196,TRUE
"s0502","2","rime",392,FALSE
"s0503","2","syllables",126,TRUE
"s0504","3","semantic.baseline",56,TRUE
"s0505","2","rime",392,TRUE
"s0506","3","semantic.baseline",126,TRUE
"s0507","2","syllables",56,TRUE
"s0508","3","semantic.baseline",196,TRUE
"s0509","3","semantic.baseline",56,TRUE
"s0510","2","syllables",196,TRUE
"s0511","1a","3/3",126,TRUE
"s0512","3","semantic.baseline",56,FALSE
"s0513","2","onset",392,FALSE
"s0514","1a","0/3",196,TRUE
"s0515","2","rime",126,TRUE
"s0516","2","rime",56,TRUE
"s0517","1a","0/3",196,TRUE
"s0518","1a","3/3",196,TRUE
"s0519","1a","1/3",196,TRUE
"s0520","3","semantic.baseline",56,TRUE
"s0521","2","rime",56,TRUE
"s0522","1b","nonce.connective",392,TRUE
"s0523","2","syllables",392,TRUE
"s0524","3","semantic.baseline",392,FALSE
"s0525","1a","3/3",196,TRUE
"s0526","2","syllables",392,TRUE
"s0527","1a","2/3",196,TRUE
"s0528","2","rime",126,TRUE
"s0529","2","onset",196,TRUE
"s0530","1b","nonce.connective",196,TRUE
"s0531","1a","1/3",196,TRUE
"s0532","2","onset",392,TRUE
"s0533","old.vs.new","3/3",196,TRUE
"s0534","1a","0/3",126,TRUE
"s0535","1a","2/3",392,TRUE
"s0536","3","semantic.baseline",56,TRUE
"s0537","1a","2/3",126,TRUE
"s0538","1a","1/3",196,FALSE
"s0539","1a","1/3",392,TRUE
"s0540","1a","3/3",196,TRUE
"s0541","3","semantic.baseline",126,TRUE
"s0542","1a","2/3",392,TRUE
"s0543","2","rime",392,TRUE
"s0544","1a","1/3",392,FALSE
"s0545","3","semantic.baseline",392,TRUE
"s0546","1a","0/3",392,TRUE
"s0547","3","semantic.baseline",56,TRUE
"s0548","old.vs.new","3/3",196,TRUE
"s0549","1a","1/3",392,TRUE
"s0550","2","syllables",56,TRUE
"s0551","2","onset",56,TRUE
"s0552","2","rime",56,TRUE
"s0553","2","rime",196,TRUE
"s0554","1a","1/3",56,TRUE
"s0555","2","syllables",196,TRUE
"s0556","1a","1/3",196,TRUE
"s0557","old.vs.new","3/3",56,TRUE
"s0558","3","semantic.baseline",56,TRUE
"s0559","1b","nonce.connective",392,FALSE
"s0560","2","rime",126,TRUE
"s0561","old.vs.new","3/3",56,TRUE
"s0562","1b","nonce.connective",196,TRUE
"s0563","1a","1/3",126,TRUE
"s0564","old.vs.new","3/3",56,TRUE
"s0565","1b","nonce.connective",126,TRUE
"s0566","3","semantic.baseline",126,TRUE
"s0567","1a","0/3",196,TRUE
"s0568","old.vs.new","3/3",196,TRUE
"s0569","2","rime",56,TRUE
"s0570","1a","1/3",126,TRUE
"s0571","2","syllables",126,TRUE
"s0572","old.vs.new","0/3",56,TRUE
"s0573","2","syllables",196,TRUE
"s0574","3","semantic.baseline",56,FALSE
"s0575","old.vs.new","0/3",196,TRUE
"s0576","2","onset",56,TRUE
"s0577","1a","0/3",126,TRUE
"s0578","2","onset",196,TRUE
"s0579","1a","2/3",196,TRUE
"s0580","2","onset",196,TRUE
"s0581","3","semantic.baseline",126,TRUE
"s0582","2","syllables",196,TRUE
"s0583","1a","3/3",126,TRUE
"s0584","1a","3/3",196,FALSE
"s0585","1a","1/3",126,TRUE
"s0586","1b","nonce.connective",392,TRUE
"s0587","old.vs.new","3/3",196,TRUE
"s0588","2","onset",392,TRUE
"s0589","1a","3/3",56,TRUE
"s0590","1a","0/3",392,TRUE
"s0591","2","syllables",56,TRUE
"s0592","2","onset",126,TRUE
"s0593","2","syllables",126,TRUE
"s0594","1a","3/3",392,TRUE
"s0595","2","syllables",126,TRUE
"s0596","2","syllables",392,TRUE
"s0597","3","semantic.baseline",392,TRUE
"s0598","1a","1/3",126,FALSE
"s0599","1a","2/3",196,TRUE
"s0600","1a","2/3",56,TRUE
"s0601","1a","1/3",126,TRUE
"s0602","1a","3/3",126,TRUE
"s0603","3","semantic.baseline",126,TRUE
"s0604","2","rime",392,TRUE
"s0605","1a","2/3",56,FALSE
"s0606","1b","nonce.connective",56,TRUE
"s0607","1b","nonce.connective",56,TRUE
"s0608","1a","3/3",196,TRUE
"s0609","1a","1/3",392,TRUE
"s0610","old.vs.new","3/3",56,TRUE
"s0611","2","onset",126,TRUE
"s0612","2","onset",392,TRUE
"s0613","1a","3/3",56,TRUE
"s0614","1a","1/3",392,TRUE
"s0615","1a","0/3",392,TRUE
"s0616","2","onset",56,TRUE
"s0617","1b","nonce.connective",196,TRUE
"s0618","1a","1/3",196,TRUE
"s0619","1b","nonce.connective",126,TRUE
"s0620","2","onset",126,TRUE
"s0621","2","syllables",126,TRUE
"s0622","1b","nonce.connective",392,TRUE
"s0623","old.vs.new","3/3",56,TRUE
"s0624","2","syllables",392,TRUE
"s0625","3","semantic.baseline",196,TRUE
"s0626","1b","nonce.connective",56,TRUE
"s0627","1a","1/3",126,TRUE
"s0628","old.vs.new","3/3",196,TRUE
"s0629","1a","0/3",126,TRUE
"s0630","1b","nonce.connective",126,TRUE
"s0631","old.vs.new","0/3",56,TRUE
"s0632","1a","3/3",56,TRUE
"s0633","1a","2/3",56,TRUE
"s0634","1a","3/3",56,TRUE
"s0635","3","semantic.baseline",56,TRUE
"s0636","1b","nonce.connective",56,TRUE
"s0637","1b","nonce.connective",56,TRUE
"s0638","1a","2/3",56,TRUE
"s0639","1a","2/3",126,FALSE
"s0640","1b","nonce.connective",392,FALSE
"s0641","1a","3/3",126,TRUE
"s0642","old.vs.new","0/3",56,TRUE
"s0643","1a","2/3",392,TRUE
"s0644","1a","0/3",196,TRUE
"s0645","1a","0/3",56,TRUE
"s0646","2","onset",126,TRUE
"s0647","1a","1/3",196,TRUE
"s0648","3","semantic.baseline",392,TRUE
"s0649","2","syllables",126,TRUE
"s0650","1a","0/3",56,TRUE
"s0651","2","syllables",126,TRUE
"s0652","1a","1/3",392,TRUE
"s0653","old.vs.new","0/3",196,FALSE
"s0654","2","syllables",392,FALSE
"s0655","2","onset",196,TRUE
"s0656","old.vs.new","0/3",196,TRUE
"s0657","3","semantic.baseline",392,TRUE
"s0658","3","semantic.baseline",196,TRUE
"s0659","2","rime",126,TRUE
"s0660","2","syllables",126,TRUE
"s0661","2","syllables",56,TRUE
"s0662","1a","1/3",196,TRUE
"s0663","2","rime",56,TRUE
"s0664","3","semantic.baseline",392,TRUE
"s0665","1b","nonce.connective",392,TRUE
"s0666","1a","2/3",56,TRUE
"s0667","1a","3/3",196,TRUE
"s0668","1a","0/3",56,TRUE
"s0669","2","onset",56,TRUE
"s0670","2","onset",126,TRUE
"s0671","1a","3/3",126,TRUE
"s0672","2","rime",56,TRUE
"s0673","2","syllables",392,TRUE
"s0674","1a","2/3",196,TRUE
"s0675","1b","nonce.connective",392,TRUE
"s0676","old.vs.new","3/3",56,FALSE
"s0677","1b","nonce.connective",196,TRUE
"s0678","old.vs.new","0/3",56,TRUE
"s0679","2","onset",196,TRUE
"s0680","2","rime",196,TRUE
"s0681","3","semantic.baseline",56,TRUE
"s0682","1a","2/3",196,TRUE
"s0683","1b","nonce.connective",196,TRUE
"s0684","1a","3/3",196,TRUE
"s0685","1a","3/3",392,TRUE
"s0686","1a","3/3",126,TRUE
"s0687","2","rime",126,TRUE
"s0688","1a","1/3",56,TRUE
"s0689","1a","2/3",126,TRUE
"s0690","old.vs.new","3/3",196,FALSE
"s0691","1a","2/3",196,TRUE
"s0692","3","semantic.baseline",126,TRUE
"s0693","1b","nonce.connective",56,FALSE
"s0694","1b","nonce.connective",126,TRUE
"s0695","1a","3/3",196,TRUE
"s0696","2","syllables",126,TRUE
"s0697","1a","2/3",196,TRUE
"s0698","2","syllables",392,TRUE
"s0699","2","syllables",126,TRUE
"s0700","3","semantic.baseline",196,FALSE
"s0701","2","onset",126,TRUE
"s0702","2","rime",196,FALSE
"s0703","2","onset",392,TRUE
"s0704","1a","2/3",196,TRUE
"s0705","3","semantic.baseline",126,TRUE
"s0706","2","rime",196,TRUE
"s0707","old.vs.new","3/3",196,TRUE
"s0708","old.vs.new","3/3",56,TRUE
"s0709","3","semantic.baseline",196,TRUE
"s0710","1b","nonce.connective",56,TRUE
"s0711","2","onset",126,TRUE
"s0712","2","rime",392,TRUE
"s0713","3","semantic.baseline",196,TRUE
"s0714","1a","1/3",196,TRUE
"s0715","1a","3/3",126,TRUE
"s0716","1a","2/3",196,TRUE
"s0717","1a","3/3",56,TRUE
"s0718","2","onset",126,TRUE
"s0719","2","syllables",126,FALSE
"s0720","2","rime",126,TRUE
"s0721","1a","0/3",126,FALSE
"s0722","1a","3/3",196,TRUE
"s0723","1a","2/3",392,TRUE
"s0724","2","rime",196,TRUE
"s0725","2","onset",392,FALSE
"s0726","1a","2/3",392,TRUE
"s0727","2","syllables",56,FALSE
"s0728","2","rime",56,TRUE
"s0729","1a","2/3",56,TRUE
"s0730","1a","3/3",196,TRUE
"s0731","1a","0/3",126,TRUE
"s0732","1a","2/3",126,TRUE
"s0733","2","syllables",126,TRUE
"s0734","old.vs.new","0/3",196,TRUE
"s0735","1b","nonce.connective",126,TRUE
"s0736","1a","1/3",126,TRUE
"s0737","1b","nonce.connective",126,TRUE
"s0738","2","rime",56,TRUE
"s0739","2","rime",56,TRUE
"s0740","1a","3/3",56,TRUE
"s0741","1a","0/3",196,TRUE
"s0742","1a","2/3",196,TRUE
"s0743","2","rime",56,TRUE
"s0744","2","syllables",56,TRUE
"s0745","1a","2/3",196,TRUE
"s0746","2","onset",196,TRUE
"s0747","3","semantic.baseline",126,FALSE
"s0748","2","syllables",56,FALSE
"s0749","1a","2/3",56,TRUE
"s0750","2","onset",56,TRUE
"s0751","1a","0/3",392,FALSE
"s0752","2","rime",56,FALSE
"s0753","2","syllables",392,TRUE
"s0754","2","rime",126,FALSE
"s0755","3","semantic.baseline",196,TRUE
"s0756","1a","0/3",56,TRUE
"s0757","1a","3/3",56,TRUE
"s0758","1b","nonce.connective",126,TRUE
"s0759","old.vs.new","3/3",196,TRUE
"s0760","3","semantic.baseline",392,TRUE
"s0761","1b","nonce.connective",392,TRUE
"s0762","1a","3/3",126,TRUE
"s0763","1a","2/3",126,TRUE
"s0764","1b","nonce.connective",56,TRUE
"s0765","2","syllables",56,TRUE
"s0766","2","syllables",392,TRUE
"s0767","2","rime",196,TRUE
"s0768","1a","2/3",56,TRUE
"s0769","old.vs.new","0/3",56,FALSE
"s0770","old.vs.new","3/3",196,TRUE
"s0771","2","syllables",392,TRUE
"s0772","2","onset",196,TRUE
"s0773","2","rime",126,TRUE
"s0774","2","onset",196,TRUE
"s0775","2","onset",56,TRUE
"s0776","1a","2/3",126,TRUE
"s0777","1a","2/3",56,FALSE
"s0778","1a","1/3",126,TRUE
"s0779","2","rime",196,FALSE
"s0780","3","semantic.baseline",56,TRUE
"s0781","1a","0/3",126,TRUE
"s0782","1a","2/3",392,TRUE
"s0783","old.vs.new","0/3",56,TRUE
"s0784","2","rime",196,TRUE
"s0785","1a","1/3",392,TRUE
"s0786","3","semantic.baseline",126,TRUE
"s0787","1a","0/3",126,TRUE
"s0788","1a","1/3",126,TRUE
"s0789","old.vs.new","0/3",56,TRUE
"s0790","1a","0/3",56,TRUE
"s0791","1b","nonce.connective",392,TRUE
"s0792","1a","2/3",56,TRUE
"s0793","3","semantic.baseline",392,TRUE
"s0794","1a","2/3",56,TRUE
"s0795","2","syllables",56,TRUE
"s0796","1b","nonce.connective",196,TRUE
"s0797","1a","0/3",56,TRUE
"s0798","1a","2/3",56,TRUE
"s0799","1b","nonce.connective",56,TRUE
"s0800","3","semantic.baseline",126,TRUE
"s0801","old.vs.new","0/3",196,TRUE
"s0802","2","rime",56,TRUE
"s0803","2","rime",392,TRUE
"s0804","1b","nonce.connective",126,TRUE
"s0805","2","rime",392,TRUE
"s0806","1a","3/3",56,TRUE
"s0807","2","onset",56,TRUE
"s0808","1a","2/3",392,TRUE
"s0809","1a","3/3",392,TRUE
"s0810","2","syllables",392,TRUE
"s0811","old.vs.new","3/3",56,TRUE
"s0812","2","rime",196,TRUE
"s0813","1a","0/3",56,TRUE
"s0814","1a","1/3",392,TRUE
"s0815","3","semantic.baseline",126,TRUE
"s0816","old.vs.new","3/3",56,TRUE
"s0817","3","semantic.baseline",196,TRUE
"s0818","1a","2/3",56,TRUE
"s0819","2","rime",56,TRUE
"s0820","1a","0/3",392,FALSE
"s0821","1a","3/3",56,TRUE
"s0822","1a","2/3",392,TRUE
"s0823","1a","1/3",126,TRUE
"s0824","1a","1/3",126,TRUE
"s0825","1a","0/3",196,TRUE
"s0826","2","syllables",392,TRUE
"s0827","1a","1/3",56,TRUE
"s0828","1a","2/3",392,TRUE
"s0829","1a","2/3",56,TRUE
"s0830","2","syllables",392,TRUE
"s0831","1a","0/3",56,TRUE
"s0832","3","semantic.baseline",56,TRUE
"s0833","1a","1/3",126,TRUE
"s0834","2","syllables",56,FALSE
"s0835","1a","0/3",126,TRUE
"s0836","1a","3/3",392,TRUE
"s0837","old.vs.new","0/3",196,TRUE
"s0838","3","semantic.baseline",392,TRUE
"s0839","2","syllables",196,TRUE
"s0840","2","rime",392,TRUE
"s0841","1a","0/3",56,TRUE
"s0842","2","onset",56,TRUE
"s0843","1a","2/3",126,TRUE
"s0844","2","onset",196,TRUE
"s0845","1a","2/3",196,TRUE
"s0846","1b","nonce.connective",196,TRUE
"s0847","1b","nonce.connective",56,TRUE
"s0848","1a","2/3",56,TRUE
"s0849","2","rime",392,TRUE
"s0850","2","rime",392,TRUE
"s0851","1a","0/3",196,TRUE
"s0852","old.vs.new","3/3",196,TRUE
"s0853","old.vs.new","0/3",56,TRUE
"s0854","1a","1/3",392,TRUE
"s0855","3","semantic.baseline",392,TRUE
"s0856","1a","2/3",56,TRUE
"s0857","2","rime",126,TRUE
"s0858","1a","1/3",126,TRUE
"s0859","1a","0/3",196,TRUE
"s0860","2","syllables",56,TRUE
"s0861","old.vs.new","0/3",196,TRUE
"s0862","2","syllables",392,TRUE
"s0863","old.vs.new","3/3",56,TRUE
"s0864","2","rime",126,TRUE
"s0865","2","rime",126,TRUE
"s0866","1a","1/3",196,TRUE
"s0867","2","syllables",196,TRUE
"s0868","1a","0/3",126,TRUE
"s0869","1a","2/3",392,TRUE
"s0870","2","onset",56,TRUE
"s0871","1b","nonce.connective",56,TRUE
"s0872","1a","0/3",196,TRUE
"s0873","1a","3/3",56,TRUE
"s0874","2","rime",126,TRUE
"s0875","2","rime",56,TRUE
"s0876","2","syllables",392,FALSE
"s0877","2","onset",56,TRUE
"s0878","1a","2/3",196,TRUE
"s0879","old.vs.new","3/3",56,TRUE
"s0880","1a","3/3",392,TRUE
"s0881","1a","1/3",56,TRUE
"s0882","1a","3/3",196,TRUE
"s0883","3","semantic.baseline",196,TRUE
"s0884","2","syllables",196,TRUE
"s0885","old.vs.new","3/3",56,TRUE
"s0886","old.vs.new","0/3",56,TRUE
"s0887","3","semantic.baseline",126,TRUE
"s0888","1a","3/3",196,TRUE
"s0889","1b","nonce.connective",126,TRUE
"s0890","1a","0/3",392,FALSE
"s0891","1a","3/3",56,TRUE
"s0892","1b","nonce.connective",392,FALSE
"s0893","2","rime",56,FALSE
"s0894","3","semantic.baseline",126,TRUE
"s0895","2","syllables",196,FALSE
"s0896","1a","1/3",196,FALSE
"s0897","old.vs.new","3/3",56,TRUE
"s0898","3","semantic.baseline",392,TRUE
"s0899","old.vs.new","3/3",196,TRUE
"s0900","1a","2/3",196,FALSE
"s0901","old.vs.new","0/3",56,TRUE
"s0902","1a","3/3",56,TRUE
"s0903","old.vs.new","0/3",196,TRUE
"s0904","old.vs.new","3/3",196,TRUE
"s0905","1b","nonce.connective",126,TRUE
"s0906","1a","3/3",196,TRUE
"s0907","1b","nonce.connective",126,TRUE
"s0908","2","onset",56,FALSE
"s0909","1a","2/3",392,TRUE
"s0910","2","onset",196,TRUE
"s0911","3","semantic.baseline",392,TRUE
"s0912","1a","0/3",56,TRUE
"s0913","2","rime",126,TRUE
"s0914","2","rime",126,TRUE
"s0915","2","rime",196,FALSE
"s0916","3","semantic.baseline",126,FALSE
"s0917","1a","2/3",56,TRUE
"s0918","2","rime",126,TRUE
"s0919","1a","1/3",56,TRUE
"s0920","1a","3/3",56,TRUE
"s0921","1a","2/3",392,TRUE
"s0922","2","syllables",56,TRUE
"s0923","old.vs.new","0/3",196,FALSE
"s0924","old.vs.new","0/3",196,TRUE
"s0925","1a","3/3",392,TRUE
"s0926","1a","3/3",56,TRUE
"s0927","1a","1/3",126,TRUE
"s0928","1a","3/3",392,FALSE
"s0929","1a","3/3",56,FALSE
"s0930","2","rime",126,TRUE
"s0931","1a","3/3",392,TRUE
"s0932","3","semantic.baseline",196,TRUE
"s0933","2","rime",196,TRUE
"s0934","3","semantic.baseline",392,TRUE
"s0935","1b","nonce.connective",126,FALSE
"s0936","1a","1/3",392,TRUE
"s0937","old.vs.new","3/3",196,TRUE
"s0938","1a","3/3",392,TRUE
"s0939","2","onset",392,TRUE
"s0940","1a","2/3",392,FALSE
"s0941","1b","nonce.connective",196,TRUE
"s0942","1b","nonce.connective",196,TRUE
"s0943","2","onset",196,FALSE
"s0944","2","rime",196,FALSE
"s0945","2","syllables",126,TRUE
"s0946","old.vs.new","0/3",56,TRUE
"s0947","1a","2/3",392,TRUE
"s0948","3","semantic.baseline",56,TRUE
"s0949","1a","0/3",56,TRUE
"s0950","1a","0/3",196,TRUE
"s0951","3","semantic.baseline",56,TRUE
"s0952","1a","1/3",126,TRUE
"s0953","2","onset",392,TRUE
"s0954","3","semantic.baseline",126,TRUE
"s0955","2","onset",126,TRUE
"s0956","2","onset",56,TRUE
"s0957","2","onset",196,FALSE
"s0958","old.vs.new","3/3",56,TRUE
"s0959","2","syllables",196,TRUE
"s0960","1b","nonce.connective",392,TRUE
"s0961","1a","1/3",126,TRUE
"s0962","3","semantic.baseline",392,TRUE
"s0963","2","syllables",126,TRUE
"s0964","3","semantic.baseline",126,FALSE
"s0965","1a","1/3",196,TRUE
"s0966","2","onset",392,TRUE
"s0967","1b","nonce.connective",392,TRUE
"s0968","2","onset",392,TRUE
"s0969","2","rime",392,TRUE
"s0970","1a","3/3",56,TRUE
"s0971","1a","0/3",56,TRUE
"s0972","1a","1/3",392,TRUE
"s0973","1a","2/3",56,TRUE
"s0974","1b","nonce.connective",196,TRUE
"s0975","1a","2/3",56,FALSE
"s0976","old.vs.new","3/3",196,TRUE
"s0977","1a","2/3",56,TRUE
"s0978","2","rime",392,TRUE
"s0979","old.vs.new","3/3",196,TRUE
"s0980","2","onset",56,TRUE
"s0981","2","rime",56,TRUE
"s0982","1a","1/3",126,TRUE
"s0983","2","rime",126,TRUE
"s0984","1a","2/3",56,TRUE
"s0985","2","rime",196,TRUE
"s0986","1a","1/3",56,TRUE
"s0987","3","semantic.baseline",56,TRUE
"s0988","1a","3/3",126,TRUE
"s0989","old.vs.new","3/3",56,FALSE
"s0990","1a","1/3",196,TRUE
"s0991","2","syllables",196,TRUE
"s0992","3","semantic.baseline",392,TRUE
"s0993","1a","1/3",196,TRUE
"s0994","2","rime",392,TRUE
"s0995","2","syllables",392,TRUE
"s0996","1b","nonce.connective",196,TRUE
"s0997","2","rime",56,TRUE
"s0998","1a","3/3",126,TRUE
"s0999","2","syllables",56,TRUE
"s1000","1a","3/3",126,TRUE
"s1001","2","syllables",392,TRUE
"s1002","1a","1/3",392,FALSE
"s1003","1b","nonce.connective",196,TRUE
"s1004","3","semantic.baseline",196,TRUE
"s1005","1b","nonce.connective",196,TRUE
"s1006","1a","3/3",196,TRUE
"s1007","1b","nonce.connective",196,TRUE
"s1008","1a","0/3",126,TRUE
"s1009","1a","1/3",126,TRUE
"s1010","old.vs.new","0/3",196,TRUE
"s1011","1a","2/3",56,TRUE
"s1012","old.vs.new","3/3",196,TRUE
"s1013","1a","3/3",196,TRUE
"s1014","2","onset",56,TRUE
"s1015","1a","0/3",126,TRUE
"s1016","2","syllables",196,TRUE
"s1017","2","rime",196,FALSE
"s1018","1a","0/3",126,FALSE
"s1019","old.vs.new","0/3",56,TRUE
"s1020","3","semantic.baseline",56,TRUE
"s1021","1a","0/3",126,TRUE
"s1022","3","semantic.baseline",56,TRUE
"s1023","1b","nonce.connective",126,TRUE
"s1024","1b","nonce.connective",126,TRUE
"s1025","1a","1/3",392,TRUE
"s1026","1a","1/3",56,TRUE
"s1027","2","onset",392,TRUE
"s1028","1a","1/3",392,TRUE
"s1029","3","semantic.baseline",196,TRUE
"s1030","3","semantic.baseline",56,TRUE
"s1031","1a","0/3",56,TRUE
"s1032","2","onset",392,TRUE
"s1033","old.vs.new","3/3",196,TRUE
"s1034","1a","0/3",56,TRUE
"s1035","2","syllables",392,TRUE
"s1036","2","rime",56,TRUE
"s1037","1b","nonce.connective",56,FALSE
"s1038","old.vs.new","0/3",56,TRUE
"s1039","1a","2/3",126,TRUE
"s1040","2","rime",392,TRUE
"s1041","2","syllables",126,TRUE
"s1042","1a","0/3",126,TRUE
"s1043","1b","nonce.connective",392,TRUE
"s1044","1a","2/3",126,TRUE
"s1045","1a","1/3",126,TRUE
"s1046","1a","0/3",196,TRUE
"s1047","1a","2/3",56,TRUE
"s1048","old.vs.new","0/3",56,TRUE
"s1049","old.vs.new","3/3",196,TRUE
"s1050","1b","nonce.connective",56,TRUE
"s1051","1b","nonce.connective",56,TRUE
"s1052","1a","3/3",126,TRUE
"s1053","1a","1/3",56,TRUE
"s1054","3","semantic.baseline",392,TRUE
"s1055","2","rime",392,TRUE
"s1056","2","rime",56,FALSE
"s1057","2","syllables",392,TRUE
"s1058","1a","3/3",56,TRUE
"s1059","3","semantic.baseline",126,TRUE
"s1060","2","onset",56,TRUE
"s1061","1a","2/3",56,TRUE
"s1062","1a","1/3",196,TRUE
"s1063","2","syllables",392,TRUE
"s1064","1a","0/3",392,TRUE
"s1065","1a","2/3",196,FALSE
"s1066","1a","2/3",56,TRUE
"s1067","old.vs.new","3/3",56,TRUE
"s1068","1b","nonce.connective",56,TRUE
"s1069","1a","0/3",126,TRUE
"s1070","1a","3/3",126,TRUE
"s1071","2","rime",126,TRUE
"s1072","1a","2/3",392,TRUE
"s1073","1b","nonce.connective",56,TRUE
"s1074","old.vs.new","3/3",196,TRUE
"s1075","2","rime",56,TRUE
"s1076","3","semantic.baseline",392,TRUE
"s1077","1b","nonce.connective",392,TRUE
"s1078","1b","nonce.connective",56,TRUE
"s1079","old.vs.new","3/3",56,TRUE
"s1080","1a","3/3",196,TRUE
"s1081","2","syllables",56,TRUE
"s1082","old.vs.new","3/3",196,TRUE
"s1083","1b","nonce.connective",392,TRUE
"s1084","1b","nonce.connective",392,TRUE
"s1085","2","rime",126,FALSE
"s1086","1a","2/3",392,FALSE
"s1087","1a","0/3",392,TRUE
"s1088","2","rime",56,TRUE
"s1089","old.vs.new","3/3",196,TRUE
"s1090","2","rime",56,TRUE
"s1091","old.vs.new","3/3",56,TRUE
"s1092","2","onset",196,TRUE
"s1093","1a","0/3",392,TRUE
"s1094","1b","nonce.connective",196,TRUE
"s1095","1b","nonce.connective",56,TRUE
"s1096","3","semantic.baseline",56,TRUE
"s1097","2","onset",126,TRUE
"s1098","3","semantic.baseline",126,TRUE
"s1099","2","syllables",56,TRUE
"s1100","1a","3/3",196,TRUE
"s1101","old.vs.new","0/3",196,TRUE
"s1102","2","rime",56,TRUE
"s1103","1a","2/3",126,TRUE
"s1104","1b","nonce.connective",56,TRUE
"s1105","1b","nonce.connective",56,TRUE
"s1106","1b","nonce.connective",126,TRUE
"s1107","2","syllables",126,TRUE
"s1108","1a","1/3",126,FALSE
"s1109","2","rime",126,TRUE
"s1110","1a","0/3",196,TRUE
"s1111","1a","0/3",392,TRUE
"s1112","2","rime",56,TRUE
"s1113","2","rime",126,TRUE
"s1114","1b","nonce.connective",196,TRUE
"s1115","1a","2/3",56,TRUE
"s1116","1b","nonce.connective",126,TRUE
"s1117","1b","nonce.connective",126,TRUE
"s1118","3","semantic.baseline",392,TRUE
"s1119","2","onset",126,TRUE
"s1120","1b","nonce.connective",56,TRUE
"s1121","1b","nonce.connective",126,TRUE
"s1122","1a","3/3",56,FALSE
"s1123","1a","3/3",126,TRUE
"s1124","2","rime",392,TRUE
"s1125","1a","1/3",392,TRUE
"s1126","2","onset",392,TRUE
"s1127","1a","0/3",56,TRUE
"s1128","1a","3/3",196,TRUE
"s1129","2","rime",126,TRUE
"s1130","2","rime",56,TRUE
"s1131","2","onset",56,TRUE
"s1132","2","rime",126,TRUE
"s1133","1a","0/3",196,TRUE
"s1134","2","rime",126,TRUE
"s1135","1b","nonce.connective",56,TRUE
"s1136","2","rime",196,TRUE
"s1137","1a","0/3",56,TRUE
"s1138","2","onset",56,TRUE
"s1139","1a","0/3",126,TRUE
"s1140","2","onset",126,TRUE
"s1141","1a","3/3",56,TRUE
"s1142","1b","nonce.connective",56,TRUE
"s1143","2","rime",126,TRUE
"s1144","2","onset",392,TRUE
"s1145","1b","nonce.connective",196,TRUE
"s1146","1a","2/3",126,TRUE
"s1147","old.vs.new","0/3",56,TRUE
"s1148","2","rime",56,TRUE
"s1149","3","semantic.baseline",126,TRUE
"s1150","1a","1/3",196,TRUE
"s1151","1a","0/3",56,TRUE
"s1152","old.vs.new","3/3",56,TRUE
"s1153","1a","0/3",126,TRUE
"s1154","1a","0/3",126,TRUE
"s1155","2","rime",56,TRUE
"s1156","1a","1/3",56,TRUE
"s1157","2","rime",196,TRUE
"s1158","3","semantic.baseline",56,TRUE
"s1159","1a","0/3",196,TRUE
"s1160","1a","2/3",126,TRUE
"s1161","1a","0/3",392,TRUE
"s1162","1a","0/3",196,TRUE
"s1163","3","semantic.baseline",56,TRUE
"s1164","1b","nonce.connective",392,TRUE
"s1165","2","syllables",126,FALSE
"s1166","1a","1/3",196,TRUE
"s1167","1b","nonce.connective",392,TRUE
"s1168","1a","0/3",196,TRUE
"s1169","2","syllables",126,TRUE
"s1170","1a","1/3",392,TRUE
"s1171","2","rime",392,TRUE
"s1172","2","rime",56,TRUE
"s1173","1a","0/3",126,TRUE
"s1174","1a","0/3",196,TRUE
"s1175","2","onset",56,TRUE
"s1176","1a","1/3",196,TRUE
"s1177","2","onset",56,TRUE
"s1178","2","rime",56,TRUE
"s1179","1a","2/3",392,TRUE
"s1180","2","syllables",196,TRUE
"s1181","1a","0/3",196,FALSE
"s1182","2","syllables",392,TRUE
"s1183","3","semantic.baseline",392,TRUE
"s1184","old.vs.new","0/3",56,TRUE
"s1185","1a","3/3",392,TRUE
"s1186","1a","3/3",392,TRUE
"s1187","1a","0/3",392,TRUE
"s1188","2","syllables",56,TRUE
"s1189","1b","nonce.connective",126,TRUE
"s1190","1a","0/3",392,TRUE
"s1191","1a","0/3",126,TRUE
"s1192","1a","2/3",126,TRUE
"s1193","1a","0/3",196,TRUE
"s1194","old.vs.new","0/3",56,TRUE
"s1195","3","semantic.baseline",56,TRUE
"s1196","2","rime",126,TRUE
"s1197","2","syllables",56,TRUE
"s1198","1b","nonce.connective",56,FALSE
"s1199","1a","3/3",126,TRUE
"s1200","1a","0/3",392,TRUE
"s1201","1a","2/3",196,FALSE
"s1202","3","semantic.baseline",126,FALSE
"s1203","1b","nonce.connective",126,FALSE
"s1204","1a","0/3",56,TRUE
"s1205","2","syllables",196,TRUE
"s1206","1a","1/3",196,TRUE
"s1207","1a","0/3",56,TRUE
"s1208","1a","2/3",392,FALSE
"s1209","1a","2/3",392,FALSE
"s1210","3","semantic.baseline",392,TRUE
"s1211","3","semantic.baseline",392,TRUE
"s1212","1a","0/3",126,TRUE
"s1213","1a","1/3",196,TRUE
"s1214","3","semantic.baseline",56,TRUE
"s1215","2","rime",56,TRUE
"s1216","3","semantic.baseline",392,TRUE
"s1217","2","syllables",196,TRUE
"s1218","2","syllables",126,TRUE
"s1219","3","semantic.baseline",56,TRUE
"s1220","1a","3/3",392,TRUE
"s1221","1b","nonce.connective",196,TRUE
"s1222","1a","2/3",126,TRUE
"s1223","2","onset",126,FALSE
"s1224","2","syllables",126,TRUE
"s1225","1a","1/3",126,TRUE
"s1226","1a","2/3",196,TRUE
"s1227","1a","1/3",56,TRUE
"s1228","1a","0/3",196,TRUE
"s1229","2","syllables",56,TRUE
"s1230","3","semantic.baseline",196,FALSE
"s1231","old.vs.new","0/3",196,TRUE
"s1232","2","rime",126,TRUE
"s1233","2","onset",196,TRUE
"s1234","1a","2/3",126,TRUE
"s1235","old.vs.new","0/3",196,FALSE
"s1236","old.vs.new","0/3",196,TRUE
"s1237","1a","1/3",196,TRUE
"s1238","1a","1/3",56,TRUE
"s1239","1a","0/3",56,FALSE
"s1240","1a","0/3",126,TRUE
"s1241","1b","nonce.connective",126,TRUE
"s1242","old.vs.new","3/3",56,TRUE
"s1243","1a","2/3",56,TRUE
"s1244","2","onset",56,TRUE
"s1245","3","semantic.baseline",126,TRUE
"s1246","1a","1/3",392,TRUE
"s1247","2","onset",392,FALSE
"s1248","1a","1/3",126,TRUE
"s1249","2","rime",126,TRUE
"s1250","2","rime",196,TRUE
"s1251","2","onset",196,TRUE
"s1252","old.vs.new","3/3",56,TRUE
"s1253","1a","2/3",392,FALSE
"s1254","2","onset",196,TRUE
"s1255","2","rime",196,TRUE
"s1256","1a","3/3",392,TRUE
"s1257","3","semantic.baseline",196,FALSE
"s1258","2","syllables",126,TRUE
"s1259","2","syllables",392,TRUE
"s1260","1a","0/3",392,TRUE
"s1261","2","rime",56,TRUE
"s1262","1b","nonce.connective",196,TRUE
"s1263","1b","nonce.connective",56,TRUE
"s1264","1a","2/3",126,FALSE
"s1265","2","onset",196,FALSE
"s1266","1a","3/3",196,TRUE
"s1267","2","rime",392,TRUE
"s1268","1b","nonce.connective",126,TRUE
"s1269","1a","0/3",126,TRUE
"s1270","1a","2/3",126,FALSE
"s1271","3","semantic.baseline",126,FALSE
"s1272","1a","3/3",56,TRUE
"s1273","old.vs.new","3/3",56,TRUE
"s1274","1a","1/3",392,TRUE
"s1275","2","rime",126,FALSE
"s1276","1a","2/3",196,TRUE
"s1277","1a","3/3",126,TRUE
"s1278","2","rime",56,TRUE
"s1279","1a","0/3",126,FALSE
"s1280","3","semantic.baseline",196,TRUE
"s1281","1a","2/3",56,TRUE
"s1282","1a","2/3",56,TRUE
"s1283","1a","1/3",56,TRUE
"s1284","1b","nonce.connective",126,TRUE
"s1285","1a","3/3",196,TRUE
"s1286","2","onset",126,TRUE
"s1287","old.vs.new","3/3",56,TRUE
"s1288","1b","nonce.connective",56,TRUE
"s1289","1a","0/3",196,TRUE
"s1290","2","rime",196,TRUE
"s1291","3","semantic.baseline",392,TRUE
"s1292","1b","nonce.connective",196,TRUE
"s1293","1a","2/3",392,TRUE
"s1294","1a","2/3",196,TRUE
"s1295","1a","2/3",126,TRUE
"s1296","1b","nonce.connective",126,TRUE
"s1297","old.vs.new","0/3",196,TRUE
"s1298","2","rime",126,TRUE
"s1299","2","onset",126,TRUE
"s1300","1a","2/3",126,TRUE
"s1301","1b","nonce.connective",196,TRUE
"s1302","1a","3/3",196,TRUE
"s1303","1a","0/3",56,TRUE
"s1304","1a","1/3",196,FALSE
"s1305","1a","2/3",56,TRUE
"s1306","1a","2/3",126,FALSE
"s1307","1a","3/3",56,FALSE
"s1308","1a","3/3",126,TRUE
"s1309","1a","2/3",196,TRUE
"s1310","1a","0/3",392,TRUE
"s1311","2","syllables",126,TRUE
"s1312","3","semantic.baseline",56,TRUE
"s1313","1a","1/3",392,TRUE
"s1314","1a","2/3",392,TRUE
"s1315","1a","0/3",392,TRUE
"s1316","1a","1/3",196,TRUE
"s1317","1b","nonce.connective",196,TRUE
"s1318","1a","0/3",126,FALSE
"s1319","1a","2/3",392,TRUE
"s1320","1a","2/3",56,TRUE
"s1321","old.vs.new","0/3",196,TRUE
"s1322","3","semantic.baseline",392,TRUE
"s1323","2","syllables",196,TRUE
"s1324","2","syllables",196,TRUE
"s1325","3","semantic.baseline",196,TRUE
"s1326","1a","3/3",392,TRUE
"s1327","2","rime",392,TRUE
"s1328","1a","1/3",196,TRUE
"s1329","1a","2/3",196,FALSE
"s1330","1a","3/3",56,TRUE
"s1331","1b","nonce.connective",392,TRUE
"s1332","2","syllables",392,FALSE
"s1333","old.vs.new","0/3",196,TRUE
"s1334","1a","0/3",196,TRUE
"s1335","1a","0/3",392,TRUE
"s1336","1a","2/3",126,TRUE
"s1337","2","syllables",56,TRUE
"s1338","old.vs.new","3/3",196,TRUE
"s1339","2","syllables",196,TRUE
"s1340","2","onset",56,FALSE
"s1341","1a","3/3",196,TRUE
"s1342","2","onset",196,TRUE
"s1343","1a","2/3",56,TRUE
"s1344","1a","2/3",126,TRUE
"s1345","2","rime",196,TRUE
"s1346","1b","nonce.connective",126,TRUE
"s1347","old.vs.new","3/3",56,TRUE
"s1348","1a","3/3",392,TRUE
"s1349","1a","2/3",56,TRUE
"s1350","2","rime",126,TRUE
"s1351","1a","1/3",126,TRUE
"s1352","1a","2/3",196,TRUE
"s1353","1a","0/3",196,TRUE
"s1354","2","onset",392,TRUE
"s1355","1b","nonce.connective",392,FALSE
"s1356","2","rime",392,TRUE
"s1357","1a","0/3",126,TRUE
"s1358","old.vs.new","3/3",196,TRUE
"s1359","2","syllables",196,TRUE
"s1360","2","onset",56,TRUE
"s1361","2","syllables",196,TRUE
"s1362","2","onset",56,FALSE
"s1363","3","semantic.baseline",56,TRUE
"s1364","1a","3/3",392,TRUE
"s1365","1a","3/3",126,TRUE
"s1366","old.vs.new","3/3",196,TRUE
"s1367","old.vs.new","3/3",196,TRUE
"s1368","1a","3/3",56,TRUE
"s1369","2","rime",392,TRUE
"s1370","1b","nonce.connective",56,TRUE
"s1371","2","rime",56,TRUE
"s1372","2","rime",126,TRUE
"s1373","1a","2/3",126,TRUE
"s1374","3","semantic.baseline",196,TRUE
"s1375","2","rime",126,TRUE
"s1376","1a","2/3",126,TRUE
"s1377","2","syllables",196,TRUE
"s1378","2","syllables",196,TRUE
"s1379","old.vs.new","0/3",56,TRUE
"s1380","1b","nonce.connective",126,TRUE
"s1381","3","semantic.baseline",392,FALSE
"s1382","2","onset",56,TRUE
"s1383","1a","3/3",196,TRUE
"s1384","1a","0/3",126,TRUE
"s1385","1b","nonce.connective",392,TRUE
"s1386","3","semantic.baseline",126,TRUE
"s1387","1a","3/3",56,TRUE
"s1388","1a","1/3",196,TRUE
"s1389","2","syllables",392,TRUE
"s1390","1a","1/3",392,TRUE
"s1391","1a","3/3",126,TRUE
"s1392","1a","3/3",56,TRUE
"s1393","1a","1/3",56,TRUE
"s1394","old.vs.new","0/3",196,FALSE
"s1395","1b","nonce.connective",126,TRUE
"s1396","2","onset",56,TRUE
"s1397","1a","2/3",56,TRUE
"s1398","2","rime",392,TRUE
"s1399","1b","nonce.connective",392,TRUE
"s1400","2","rime",392,TRUE
"s1401","1a","3/3",126,TRUE
"s1402","1a","3/3",56,TRUE
"s1403","2","onset",56,TRUE
"s1404","3","semantic.baseline",392,TRUE
"s1405","1a","3/3",392,TRUE
"s1406","1a","1/3",126,TRUE
"s1407","1a","2/3",56,TRUE
"s1408","old.vs.new","0/3",56,TRUE
"s1409","1a","1/3",196,TRUE
"s1410","3","semantic.baseline",392,TRUE
"s1411","2","syllables",56,TRUE
"s1412","1a","1/3",126,FALSE
"s1413","1b","nonce.connective",392,TRUE
"s1414","2","rime",126,TRUE
"s1415","old.vs.new","0/3",56,TRUE
"s1416","1a","2/3",392,FALSE
"s1417","2","onset",126,TRUE
"s1418","1a","2/3",126,TRUE
"s1419","1b","nonce.connective",196,TRUE
"s1420","2","syllables",196,FALSE
"s1421","3","semantic.baseline",126,TRUE
"s1422","1a","0/3",126,FALSE
"s1423","1a","3/3",126,TRUE
"s1424","2","syllables",197,FALSE
"s1425","1a","1/3",126,TRUE
"s1426","1a","3/3",196,TRUE
"s1427","2","syllables",196,TRUE
"s1428","1a","2/3",126,FALSE
"s1429","1a","1/3",56,FALSE
"s1430","old.vs.new","0/3",196,TRUE
"s1431","1a","3/3",56,TRUE
"s1432","2","syllables",56,TRUE
"s1433","1b","nonce.connective",56,TRUE
"s1434","old.vs.new","3/3",56,FALSE
"s1435","1a","2/3",56,TRUE
"s1436","1a","3/3",126,TRUE
"s1437","2","rime",56,TRUE
"s1438","3","semantic.baseline",56,TRUE
"s1439","1a","3/3",126,TRUE
"s1440","old.vs.new","0/3",56,FALSE
"s1441","2","syllables",392,TRUE
"s1442","2","onset",126,TRUE
"s1443","1a","3/3",392,TRUE
"s1444","1b","nonce.connective",392,TRUE
"s1445","2","syllables",196,TRUE
"s1446","2","rime",392,TRUE
"s1447","2","rime",392,TRUE
"s1448","old.vs.new","0/3",196,TRUE
"s1449","2","syllables",56,TRUE
"s1450","2","onset",126,TRUE
"s1451","2","syllables",392,TRUE
"s1452","2","rime",196,TRUE
"s1453","3","semantic.baseline",196,FALSE
"s1454","1a","0/3",56,FALSE
"s1455","1b","nonce.connective",56,TRUE
"s1456","1a","0/3",56,TRUE
"s1457","1a","3/3",392,TRUE
"s1458","3","semantic.baseline",56,TRUE
"s1459","2","onset",56,TRUE
"s1460","3","semantic.baseline",126,TRUE
"s1461","1a","3/3",126,TRUE
"s1462","2","rime",56,TRUE
"s1463","old.vs.new","3/3",196,TRUE
"s1464","2","syllables",56,TRUE
"s1465","1b","nonce.connective",392,TRUE
"s1466","2","onset",126,TRUE
"s1467","1a","0/3",56,TRUE
"s1468","2","rime",56,TRUE
"s1469","2","onset",196,TRUE
"s1470","1a","3/3",196,TRUE
"s1471","2","syllables",56,TRUE
"s1472","1a","1/3",126,TRUE
"s1473","3","semantic.baseline",56,TRUE
"s1474","1a","2/3",56,TRUE
"s1475","old.vs.new","3/3",196,TRUE
"s1476","2","syllables",196,TRUE
"s1477","2","onset",126,TRUE
"s1478","1a","2/3",196,TRUE
"s1479","1b","nonce.connective",196,TRUE
"s1480","1a","2/3",126,TRUE
"s1481","2","rime",126,TRUE
"s1482","1a","2/3",196,TRUE
"s1483","2","syllables",126,TRUE
"s1484","1a","1/3",392,TRUE
"s1485","3","semantic.baseline",392,TRUE
"s1486","2","syllables",126,TRUE
"s1487","3","semantic.baseline",392,FALSE
"s1488","2","onset",126,FALSE
"s1489","1b","nonce.connective",392,TRUE
"s1490","2","rime",56,FALSE
"s1491","1a","2/3",56,TRUE
"s1492","1a","2/3",196,TRUE
"s1493","3","semantic.baseline",126,TRUE
"s1494","3","semantic.baseline",126,TRUE
"s1495","2","syllables",56,TRUE
"s1496","2","rime",196,TRUE
"s1497","1a","3/3",392,FALSE
"s1498","1a","1/3",56,TRUE
"s1499","1a","1/3",56,TRUE
"s1500","1a","2/3",56,TRUE
"s1501","2","syllables",56,FALSE
"s1502","2","onset",196,TRUE
"s1503","1a","2/3",56,FALSE
"s1504","1b","nonce.connective",392,TRUE
"s1505","1b","nonce.connective",196,TRUE
"s1506","2","rime",126,TRUE
"s1507","1a","3/3",392,TRUE
"s1508","1a","1/3",56,TRUE
"s1509","2","onset",126,TRUE
"s1510","2","onset",126,TRUE
"s1511","2","onset",56,TRUE
"s1512","1b","nonce.connective",56,TRUE
"s1513","1a","0/3",126,TRUE
"s1514","1a","2/3",196,TRUE
"s1515","2","rime",56,TRUE
"s1516","3","semantic.baseline",56,FALSE
"s1517","2","rime",126,TRUE
"s1518","1b","nonce.connective",126,TRUE
"s1519","2","rime",126,TRUE
"s1520","1a","2/3",392,TRUE
"s1521","2","rime",196,TRUE
"s1522","3","semantic.baseline",126,TRUE
"s1523","1a","3/3",196,TRUE
"s1524","2","rime",196,TRUE
"s1525","3","semantic.baseline",196,TRUE
"s1526","2","rime",126,TRUE
"s1527","2","rime",392,TRUE
"s1528","2","rime",56,TRUE
"s1529","1a","0/3",392,FALSE
"s1530","2","syllables",392,TRUE
"s1531","2","rime",126,TRUE
"s1532","2","onset",56,TRUE
"s1533","3","semantic.baseline",196,TRUE
"s1534","2","syllables",392,TRUE
"s1535","1a","0/3",56,TRUE
"s1536","old.vs.new","0/3",196,TRUE
"s1537","1a","0/3",392,TRUE
"s1538","1b","nonce.connective",392,TRUE
"s1539","1a","3/3",126,TRUE
"s1540","old.vs.new","0/3",56,TRUE
"s1541","1a","3/3",126,TRUE
"s1542","1a","0/3",126,TRUE
"s1543","1a","3/3",56,FALSE
"s1544","2","rime",56,TRUE
"s1545","1a","0/3",126,TRUE
"s1546","2","syllables",196,TRUE
"s1547","2","rime",56,TRUE
"s1548","1b","nonce.connective",392,TRUE
"s1549","1a","1/3",126,TRUE
"s1550","1a","1/3",392,TRUE
"s1551","old.vs.new","0/3",56,TRUE
"s1552","2","rime",126,TRUE
"s1553","2","onset",392,TRUE
"s1554","2","onset",126,TRUE
"s1555","3","semantic.baseline",196,TRUE
"s1556","1a","0/3",196,TRUE
"s1557","1b","nonce.connective",126,TRUE
"s1558","old.vs.new","3/3",56,TRUE
"s1559","2","onset",392,TRUE
"s1560","1a","0/3",392,TRUE
"s1561","1a","1/3",196,TRUE
"s1562","1b","nonce.connective",126,TRUE
"s1563","1a","1/3",196,TRUE
"s1564","3","semantic.baseline",392,TRUE
"s1565","old.vs.new","0/3",196,TRUE
"s1566","1a","0/3",126,TRUE
"s1567","2","syllables",56,TRUE
"s1568","2","syllables",392,TRUE
"s1569","2","rime",126,TRUE
"s1570","1a","3/3",392,TRUE
"s1571","2","rime",126,TRUE
"s1572","1a","2/3",392,TRUE
"s1573","old.vs.new","3/3",56,TRUE
"s1574","old.vs.new","3/3",196,TRUE
"s1575","2","syllables",126,TRUE
"s1576","1b","nonce.connective",126,FALSE
"s1577","old.vs.new","0/3",56,TRUE
"s1578","2","onset",126,TRUE
"s1579","2","onset",196,TRUE
"s1580","2","syllables",126,TRUE
"s1581","2","syllables",196,TRUE
"s1582","3","semantic.baseline",196,TRUE
"s1583","1a","2/3",392,TRUE
"s1584","2","rime",196,TRUE
"s1585","1a","3/3",126,TRUE
"s1586","3","semantic.baseline",56,TRUE
"s1587","1a","1/3",56,TRUE
"s1588","1a","0/3",392,TRUE
"s1589","old.vs.new","3/3",196,TRUE
"s1590","1b","nonce.connective",196,TRUE
"s1591","old.vs.new","3/3",196,TRUE
"s1592","old.vs.new","3/3",56,TRUE
"s1593","3","semantic.baseline",392,TRUE
"s1594","2","onset",196,TRUE
"s1595","1a","3/3",392,TRUE
"s1596","1a","1/3",56,TRUE
"s1597","1a","1/3",126,TRUE
"s1598","1a","3/3",392,TRUE
"s1599","2","syllables",392,TRUE
"s1600","1b","nonce.connective",56,TRUE
"s1601","1a","1/3",196,TRUE
"s1602","2","rime",392,TRUE
"s1603","1a","2/3",56,FALSE
"s1604","1a","2/3",126,TRUE
"s1605","2","onset",126,TRUE
"s1606","1a","2/3",126,TRUE
"s1607","2","onset",126,FALSE
"s1608","1b","nonce.connective",196,TRUE
"s1609","1a","2/3",56,TRUE
"s1610","1a","3/3",196,TRUE
"s1611","2","rime",126,TRUE
"s1612","2","onset",196,TRUE
"s1613","1a","2/3",392,TRUE
"s1614","2","onset",56,TRUE
"s1615","1a","2/3",126,TRUE
"s1616","2","syllables",196,TRUE
"s1617","1a","2/3",392,TRUE
"s1618","1a","2/3",126,TRUE
"s1619","1a","2/3",196,TRUE
"s1620","2","syllables",196,TRUE
"s1621","2","onset",392,TRUE
"s1622","1a","2/3",56,TRUE
"s1623","1a","1/3",56,TRUE
"s1624","3","semantic.baseline",392,TRUE
"s1625","1a","0/3",56,TRUE
"s1626","2","onset",126,TRUE
"s1627","1a","1/3",56,FALSE
"s1628","1a","0/3",56,TRUE
"s1629","3","semantic.baseline",196,TRUE
"s1630","2","onset",392,FALSE
"s1631","2","onset",392,TRUE
"s1632","2","rime",126,TRUE
"s1633","2","onset",196,TRUE
"s1634","1a","1/3",196,TRUE
"s1635","3","semantic.baseline",126,TRUE
"s1636","old.vs.new","0/3",56,TRUE
"s1637","1b","nonce.connective",196,TRUE
"s1638","1a","3/3",56,TRUE
"s1639","2","onset",126,TRUE
"s1640","2","rime",392,TRUE
"s1641","2","rime",56,TRUE
"s1642","old.vs.new","3/3",56,TRUE
"s1643","2","rime",392,TRUE
"s1644","3","semantic.baseline",56,TRUE
"s1645","1a","2/3",126,TRUE
"s1646","1a","2/3",392,TRUE
"s1647","2","onset",56,TRUE
"s1648","1a","1/3",56,TRUE
"s1649","1a","0/3",126,TRUE
"s1650","1a","1/3",392,TRUE
"s1651","2","onset",56,TRUE
"s1652","1a","3/3",56,TRUE
"s1653","3","semantic.baseline",392,TRUE
"s1654","1a","1/3",392,FALSE
"s1655","1a","1/3",56,TRUE
"s1656","1a","2/3",126,FALSE
"s1657","1a","3/3",392,TRUE
"s1658","1a","0/3",392,TRUE
"s1659","1a","2/3",56,TRUE
"s1660","old.vs.new","0/3",196,TRUE
"s1661","1a","1/3",56,FALSE
"s1662","3","semantic.baseline",392,TRUE
"s1663","old.vs.new","3/3",196,TRUE
"s1664","2","rime",56,TRUE
"s1665","1a","3/3",126,TRUE
"s1666","2","onset",196,TRUE
"s1667","1a","2/3",126,TRUE
"s1668","2","syllables",392,TRUE
"s1669","1a","1/3",56,FALSE
"s1670","2","rime",196,TRUE
"s1671","1a","2/3",196,TRUE
"s1672","1a","1/3",56,TRUE
"s1673","1a","2/3",56,TRUE
"s1674","1a","1/3",196,TRUE
"s1675","1a","2/3",56,TRUE
"s1676","2","onset",196,TRUE
"s1677","1a","0/3",196,TRUE
"s1678","2","rime",126,TRUE
"s1679","1a","3/3",56,TRUE
"s1680","2","rime",56,TRUE
"s1681","1a","0/3",126,TRUE
"s1682","1a","1/3",56,TRUE
"s1683","2","onset",56,TRUE
"s1684","3","semantic.baseline",392,TRUE
"s1685","1a","2/3",392,TRUE
"s1686","2","syllables",56,TRUE
"s1687","1a","2/3",56,TRUE
"s1688","1a","0/3",56,TRUE
"s1689","1a","3/3",196,FALSE
"s1690","1a","2/3",392,TRUE
